https://adaptive-images.uooucdn.com.br/tr:w-1100,h-1594,c-at_max,pr-true,q-88/a6-owc9pq/pv/14/87/ec/cdc97e87599bcce12703e49894.png
https://adaptive-images.uooucdn.com.br/tr:w-1100,h-1594,c-at_max,pr-true,q-88/a6-owc9pq/pv/c5/95/cf/c96ef79f976d944d3cf64ce792.png
https://adaptive-images.uooucdn.com.br/tr:w-1100,h-1594,c-at_max,pr-true,q-88/a6-owc9pq/pv/50/b4/5f/b372e6c4fe4c570ed053ccbf35.png
https://adaptive-images.uooucdn.com.br/tr:w-1100,h-1594,c-at_max,pr-true,q-88/a6-owc9pq/pv/c5/95/cf/c96ef79f976d944d3cf64ce792.png
https://adaptive-images.uooucdn.com.br/tr:w-1100,h-1594,c-at_max,pr-true,q-88/a6-owc9pq/pv/50/b4/5f/b372e6c4fe4c570ed053ccbf35.png
https://adaptive-images.uooucdn.com.br/tr:w-1100,h-1594,c-at_max,pr-true,q-88/a6-owc9pq/pv/c5/95/cf/c96ef79f976d944d3cf64ce792.png
https://adaptive-images.uooucdn.com.br/tr:w-1100,h-1594,c-at_max,pr-true,q-88/a6-owc9pq/pv/50/b4/5f/b372e6c4fe4c570ed053ccbf35.png
https://adaptive-images.uooucdn.com.br/tr:w-1100,h-1594,c-at_max,pr-true,q-88/a6-owc9pq/pv/c5/95/cf/c96ef79f976d944d3cf64ce792.png
https://adaptive-images.uooucdn.com.br/tr:w-1100,h-1594,c-at_max,pr-true,q-88/a6-owc9pq/pv/50/b4/5f/b372e6c4fe4c570ed053ccbf35.png
https://adaptive-images.uooucdn.com.br/tr:w-1100,h-1594,c-at_max,pr-true,q-88/a6-owc9pq/pv/d6/5a/99/a81d466eaa00f30bcfd3cda0ac.png
